label,categories
COVID-19,"['caused', 'contagious', 'sarscov', 'disease', 'q', 'covid']"
COVID-19 pandemic lockdown,"['curfew', 'states', 'emergency', 'regimes', 'exception', 'lockdown', 'decreed', 'pandemic', 'covid']"
COVID-19 misinformation,"['misinformation', 'coronavirus', 'false', 'conspiracy', 'caused', 'theory', 'disease', 'pandemic', 'covid', 'information']"
COVID-19 misinformation by China,"['misinformation', 'china', 'governments', 'related', 'pandemic', 'covid']"
COVID-19 pandemic misinformation by governments,"['misinformation', 'misleading', 'promoted', 'false', 'governments', 'related', 'pandemic', 'covid', 'information']"
Misinformation related to the COVID-19 pandemic by the United States,"['us', 'misinformation', 'united', 'states', 'false', 'governments', 'related', 'officials', 'pandemic', 'covid', 'propagated', 'information']"
COVID-19 pandemic,"['caused', 'pandemic', 'covid', 'sarscov']"
COVID-19 pandemic by country and territory,"['wikipedia', 'overview', 'geographic', 'history', 'aspect', 'regarding', 'article', 'country', 'pandemic', 'region', 'details', 'covid', 'territory']"
COVID-19 rapid antigen test,"['infection', 'rapid', 'antigen', 'sarscov', 'test', 'covid']"
COVID-19 vaccine,"['coronavirus', 'vaccines', 'vaccine', 'sarscov', 'covid', 'type', 'viral']"
COVID-19 vaccine card,"['record', 'vaccine', 'card', 'medical', 'covid']"
COVID-19 vaccine misinformation and hesitancy,"['misinformation', 'towards', 'resulting', 'hesitancy', 'vaccine', 'regarding', 'sarscov', 'covid']"
ivermectin during the COVID-19 pandemic,"['uses', 'use', 'drug', 'ivermectin', 'pandemic', 'covid']"
long covid,"['infection', 'occurs', 'infectionassociated', 'chronic', 'condition', 'sarscov', 'disease', 'covid', 'long']"
pathogen transmission,"['whether', 'individual', 'transmission', 'passing', 'infected', 'pathogen', 'host', 'regardless', 'group', 'biological', 'communicable', 'process', 'causing', 'disease', 'previously']"
SARS-CoV-2,"['causes', 'coronavirus', 'virus', 'group', 'sarscov', 'strains', 'class', 'covid']"
social distancing,"['reduction', 'infectious', 'countermeasure', 'effort', 'prevent', 'human', 'interaction', 'behavior', 'nonpharmaceutical', 'disease', 'social', 'spread', 'distancing']"
timeline of the COVID-19 pandemic,"['events', 'timeline', 'virus', 'wikimedia', 'major', 'pandemic', 'covid']"
2019–2020 COVID-19 outbreak in mainland China,"['mainland', 'china', 'disease', 'outbreak', 'pandemic', 'covid', 'viral']"
2020 stock market crash,"['crash', 'stock', 'world', 'markets', 'america', 'market', 'decline']"
2021 Malaysian state of emergency,"['occurrence', 'malaysia', 'emergency', 'proclamation', 'malaysian', 'state', 'pandemic', 'time']"
Access to COVID-19 Tools Accelerator,"['accelerator', 'global', 'tools', 'initiative', 'access', 'g', 'covid']"
acute respiratory distress syndrome,"['distress', 'syndrome', 'respiratory', 'cause', 'failure', 'human', 'acute', 'disease', 'death']"
Anders Tegnell,"['anders', 'tegnell', 'physician', 'civil', 'human', 'servant', 'swedish']"
Anthony Fauci,"['us', 'infectious', 'national', 'diseases', 'human', 'american', 'anthony', 'institute', 'allergy', 'fauci', 'head', 'immunologist']"
antibody-dependent enhancement,"['enhancement', 'antibodydependent', 'cells', 'antiviral', 'infectivity', 'host', 'increased', 'facilitate', 'entry', 'virus', 'nonneutralizing', 'proteins', 'adverse', 'leading', 'effect']"
asymptomatic carrier,"['without', 'biology', 'become', 'person', 'infected', 'pathogen', 'vector', 'carrier', 'term', 'organism', 'asymptomatic', 'displaying', 'symptoms', 'signs']"
SARS-CoV-2 lineage BA.2.86,"['omicron', 'variants', 'ba', 'variant', 'subvariant', 'lineage', 'sarscov']"
basic reproduction number,"['average', 'number', 'infectiousness', 'pathogens', 'epidemiology', 'metric', 'basic', 'measure', 'showing', 'reproduction']"
COVAX,"['accelerator', 'startup', 'global', 'alliance', 'vaccine', 'regarding', 'covax', 'pandemic', 'covid']"
COVID-19 app,"['come', 'identification', 'person', 'infected', 'app', 'persons', 'contact', 'tracing', 'may', 'q', 'mobile', 'covid']"
COVID-19 drug development,"['infection', 'therapeutic', 'medications', 'drug', 'development', 'covid', 'preventative']"
COVID-19 drug repurposing research,"['research', 'drug', 'development', 'repurposing', 'related', 'repositioning', 'covid']"
COVID-19 hospital,"['designed', 'treat', 'patients', 'hospital', 'covid']"
COVID-19 lab leak theory,"['leak', 'origin', 'lab', 'theory', 'hypothesis', 'proposed', 'sarscov', 'covid']"
COVID-19 local lockdown regulations in England,"['regulations', 'united', 'england', 'emergency', 'kingdom', 'lockdown', 'covid', 'legislation', 'geographic', 'region', 'aspect', 'local']"
COVID-19 lockdown in China,"['hubei', 'coronavirus', 'province', 'occurrence', 'china', 'effort', 'lockdown', 'chinese', 'outbreak', 'wuhan', 'response', 'quarantine', 'covid']"
COVID-19 pandemic in Africa,"['coronavirus', 'africa', 'ongoing', 'disease', 'outbreak', 'pandemic', 'covid']"
COVID-19 pandemic in Algeria,"['ongoing', 'algeria', 'disease', 'outbreak', 'pandemic', 'covid', 'viral']"
COVID-19 pandemic in Angola,"['angola', 'disease', 'outbreak', 'pandemic', 'covid', 'viral']"
2020 COVID-19 pandemic in Antigua and Barbuda,"['barbuda', 'antigua', 'disease', 'outbreak', 'pandemic', 'covid', 'viral']"
COVID-19 pandemic in Argentina,"['ongoing', 'disease', 'outbreak', 'pandemic', 'argentina', 'details', 'covid', 'viral']"
COVID-19 pandemic in Asia,"['asia', 'ongoing', 'disease', 'outbreak', 'pandemic', 'covid', 'viral']"
COVID-19 pandemic in Bangladesh,"['bangladesh', 'disease', 'outbreak', 'pandemic', 'covid', 'viral']"
2020 COVID-19 pandemic in Barbados,"['barbados', 'disease', 'outbreak', 'pandemic', 'covid', 'viral']"
COVID-19 pandemic in Benin,"['benin', 'disease', 'outbreak', 'pandemic', 'covid', 'viral']"
2020 COVID-19 pandemic in Bermuda,"['united', 'virus', 'kingdom', 'disease', 'outbreak', 'pandemic', 'covid', 'bermuda']"
COVID-19 pandemic in Burundi,"['burundi', 'disease', 'outbreak', 'pandemic', 'covid', 'viral']"
COVID-19 pandemic in Ceuta,"['ceuta', 'ongoing', 'spain', 'disease', 'outbreak', 'pandemic', 'covid', 'viral']"
COVID-19 pandemic in Crimea,"['ongoing', 'disease', 'outbreak', 'crimea', 'pandemic', 'covid', 'viral']"
COVID-19 pandemic in El Salvador,"['salvador', 'disease', 'outbreak', 'pandemic', 'covid', 'viral', 'el']"
2020 COVID-19 pandemic in Equatorial Guinea,"['equatorial', 'guinea', 'disease', 'outbreak', 'pandemic', 'covid', 'viral']"
COVID-19 pandemic in Europe,"['coronavirus', 'ongoing', 'europe', 'pandemic', 'covid']"
2020 COVID-19 pandemic in Gabon,"['gabon', 'ongoing', 'disease', 'outbreak', 'pandemic', 'covid', 'viral']"
COVID-19 pandemic in Georgia,"['outbreak', 'ongoing', 'country', 'disease', 'georgia', 'pandemic', 'details', 'covid', 'viral']"
2020 COVID-19 pandemic in Guinea-Bissau,"['disease', 'outbreak', 'guineabissau', 'pandemic', 'covid', 'viral']"
COVID-19 pandemic in Haiti,"['disease', 'outbreak', 'haiti', 'pandemic', 'covid', 'viral']"
COVID-19 pandemic in India,"['india', 'ongoing', 'disease', 'outbreak', 'pandemic', 'covid', 'viral']"
COVID-19 pandemic in Iran,"['ongoing', 'iran', 'disease', 'outbreak', 'pandemic', 'details', 'covid', 'viral']"
COVID-19 pandemic in Iraq,"['ongoing', 'iraq', 'disease', 'outbreak', 'pandemic', 'details', 'covid', 'viral']"
COVID-19 pandemic in Italy,"['coronavirus', 'disease', 'outbreak', 'pandemic', 'covid', 'italy']"
2020 COVID-19 pandemic in Liberia,"['liberia', 'disease', 'outbreak', 'pandemic', 'covid', 'viral']"
COVID-19 pandemic in Mali,"['mali', 'disease', 'outbreak', 'pandemic', 'covid', 'viral']"
COVID-19 pandemic in Mauritania,"['mauritania', 'ongoing', 'disease', 'outbreak', 'pandemic', 'details', 'covid', 'viral']"
COVID-19 pandemic in Melilla,"['ongoing', 'spain', 'disease', 'outbreak', 'melilla', 'pandemic', 'covid', 'viral']"
2020 COVID-19 pandemic in Michigan,"['states', 'united', 'michigan', 'disease', 'outbreak', 'pandemic', 'covid']"
COVID-19 pandemic in New York City,"['city', 'new', 'details', 'ongoing', 'york', 'disease', 'outbreak', 'pandemic', 'covid']"
2020 COVID-19 pandemic in Niger,"['niger', 'disease', 'outbreak', 'pandemic', 'covid', 'viral']"
COVID-19 pandemic in North America,"['north', 'america', 'disease', 'outbreak', 'pandemic', 'covid', 'viral']"
COVID-19 pandemic in Oceania,"['disease', 'outbreak', 'oceania', 'pandemic', 'covid']"
COVID-19 pandemic in Panama,"['panama', 'disease', 'outbreak', 'pandemic', 'covid', 'viral']"
2020 COVID-19 pandemic in Sierra Leone,"['sierra', 'outbreak', 'disease', 'leone', 'pandemic', 'covid', 'viral']"
COVID-19 pandemic in South America,"['america', 'disease', 'outbreak', 'pandemic', 'covid', 'south']"
COVID-19 pandemic in West Bengal,"['bengal', 'india', 'west', 'disease', 'outbreak', 'pandemic', 'covid']"
COVID-19 pandemic in China,"['coronavirus', 'china', 'peoples', 'republic', 'disease', 'outbreak', 'pandemic', 'covid']"
2020 COVID-19 pandemic in the Central African Republic,"['african', 'central', 'disease', 'outbreak', 'pandemic', 'republic', 'covid', 'viral']"
2020 COVID-19 pandemic in the Gambia,"['gambia', 'disease', 'outbreak', 'pandemic', 'covid', 'viral']"
2020 COVID-19 pandemic in the Republic of the Congo,"['congo', 'republic', 'disease', 'outbreak', 'pandemic', 'covid', 'viral']"
COVID-19 pandemic on USS Theodore Roosevelt,"['uss', 'coronavirus', 'aircraft', 'cvn', 'carrier', 'theodore', 'roosevelt', 'outbreak', 'pandemic', 'covid', 'disease']"
COVID-19 recession,"['recession', 'covid', 'downturn', 'economic']"
COVID-19 seasonality,"['description', 'found', 'covid', 'seasonality']"
COVID-19 test,"['illness', 'respiratory', 'coronavirus', 'testing', 'pathogen', 'diagnostic', 'examination', 'health', 'sarscov', 'test', 'periodic', 'medical', 'covid', 'type', 'underlying']"
COVID-19 vaccination in Africa,"['programme', 'africa', 'vaccination', 'vaccines', 'immunisation', 'deployment', 'mass', 'covid']"
COVID-19 vaccination in Cape Verde,"['plan', 'vaccination', 'occurrence', 'cape', 'verde', 'covid', 'immunize']"
COVID-19 vaccination in Greece,"['plan', 'greece', 'vaccination', 'occurrence', 'covid', 'immunize']"
COVID-19 vaccination in Haiti,"['plan', 'vaccination', 'haiti', 'covid', 'immunize']"
COVID-19 vaccination in Iceland,"['plan', 'vaccination', 'occurrence', 'covid', 'immunize', 'iceland']"
COVID-19 vaccination programme in India,"['programme', 'vaccination', 'india', 'immunisation', 'mass', 'covid']"
COVID-19 vaccination in Kazakhstan,"['plan', 'kazakhstan', 'vaccination', 'occurrence', 'covid', 'immunize']"
COVID-19 vaccination in New Zealand,"['new', 'vaccination', 'program', 'vaccine', 'ongoing', 'zealand', 'mass', 'covid']"
COVID-19 vaccination in Senegal,"['plan', 'vaccination', 'occurrence', 'covid', 'senegal', 'immunize']"
COVID-19 vaccination in Singapore,"['plan', 'vaccination', 'occurrence', 'vaccines', 'singapore', 'deployment', 'covid', 'immunize']"
COVID-19 vaccination in South Africa,"['plan', 'africa', 'vaccination', 'occurrence', 'immunize', 'covid', 'south']"
COVID-19 vaccination programme in Spain,"['programme', 'plan', 'vaccination', 'spain', 'mass', 'covid', 'immunize']"
COVID-19 vaccination in Sri Lanka,"['plan', 'vaccination', 'occurrence', 'covid', 'lanka', 'sri', 'immunize']"
COVID-19 vaccination in Taiwan,"['healthcare', 'plan', 'vaccination', 'vaccines', 'deployment', 'taiwan', 'covid', 'immunize']"
COVID-19 vaccination in Thailand,"['thailand', 'plan', 'vaccination', 'mass', 'covid', 'immunize']"
COVID-19 vaccine clinical research,"['research', 'clinical', 'characteristics', 'vaccines', 'vaccine', 'establish', 'covid']"
COVIDSafe,"['applications', 'australian', 'set', 'department', 'contact', 'systems', 'comissioned', 'tracing', 'health', 'name', 'operating', 'covidsafe', 'mobile', 'apple', 'conflation', 'android']"
Chinese government response to COVID-19,"['government', 'chinese', 'response', 'pandemic', 'covid']"
chloroquine,"['quinoline', 'chloroquine', 'group', 'stereoisomers', 'alkaloid']"
contact tracing,"['transmissible', 'infected', 'pathogen', 'people', 'contact', 'identifying', 'tracing', 'nonpharmaceutical', 'someone', 'process', 'close', 'intervention', 'finding']"
Coronavirus,"['taxon', 'coronavirus', 'virus', 'subfamily', 'viruses']"
David Manning,"['police', 'new', 'officer', 'papua', 'david', 'human', 'manning', 'guinea']"
deployment of COVID-19 vaccines,"['vaccinations', 'administration', 'vaccines', 'vaccination', 'deployment', 'covid', 'mass', 'distribution']"
dexamethasone,"['betafluorotrihydroxymethylpregnadienedione', 'chemical', 'entity', 'dexamethasone', 'corticosteroid', 'medication', 'type']"
vector,"['infectious', 'pathogen', 'vector', 'another', 'transmits', 'organism', 'living', 'agent', 'carries']"
economic impact of the COVID-19 pandemic in the United States,"['us', 'topic', 'united', 'states', 'overview', 'economy', 'impact', 'economic', 'pandemic', 'covid']"
Emergency evacuation procedures during the COVID-19 pandemic,"['description', 'procedures', 'emergency', 'found', 'pandemic', 'covid', 'evacuation']"
emergent virus,"['rapidly', 'newly', 'incidence', 'emerging', 'virus', 'range', 'evolved', 'increasing', 'communicable', 'emergent', 'disease']"
Endemic phase of COVID-19,"['future', 'endemic', 'phase', 'stage', 'disease', 'theoretical', 'covid']"
face masks during the COVID-19 pandemic,"['protective', 'masks', 'overview', 'mask', 'face', 'pandemic', 'covid']"
GISAID,"['database', 'genome', 'virus', 'medical', 'gisaid']"
Grand Princess,"['cruise', 'owned', 'cruises', 'ship', 'princess', 'grand']"
herd immunity,"['strategy', 'protection', 'previous', 'vaccination', 'infectious', 'immune', 'immunization', 'herd', 'disease', 'infections', 'occurs', 'targeted', 'population', 'effect', 'threshold', 'sufficient', 'become', 'fraction', 'immunity']"
history of COVID-19 vaccine development,"['new', 'timeline', 'history', 'work', 'vaccine', 'development', 'product', 'develop', 'covid', 'scientific']"
History of the COVID-19 pandemic in the United Kingdom,"['description', 'united', 'history', 'kingdom', 'found', 'pandemic', 'covid']"
Wuhan Huanan Seafood Wholesale Market,"['hubei', 'china', 'huanan', 'seafood', 'market', 'fish', 'wuhan', 'wholesale']"
INSACOG,"['genome', 'monitor', 'consortium', 'insacog', 'indian', 'sequencing', 'study', 'covid']"
impact of the COVID-19 pandemic on cinema,"['topic', 'coronavirus', 'cinema', 'impact', 'pandemic', 'covid']"
impact of the COVID-19 pandemic on education,"['topic', 'education', 'impact', 'pandemic', 'covid']"
impact of the COVID-19 pandemic on social media,"['topic', 'media', 'impact', 'social', 'pandemic', 'covid']"
international non-essential travel,"['description', 'international', 'found', 'nonessential', 'travel']"
Katalin Karikó,"['biochemist', 'karik', 'human', 'hungarian', 'katalin']"
Li Wenliang,"['coronavirus', 'wenliang', 'december', 'human', 'chinese', 'li', 'ophthalmologist', 'known', 'warning']"
list of COVID-19 vaccine authorizations,"['vaccine', 'wikimedia', 'authorizations', 'article', 'list', 'covid']"
list of deaths due to COVID-19,"['deaths', 'due', 'wikimedia', 'article', 'list', 'covid']"
MS Zaandam,"['built', 'zaandam', 'cruise', 'ship', 'ms']"
Michael J. Ryan,"['trauma', 'michael', 'j', 'surgeon', 'human', 'epidemiologist', 'ryan', 'irish']"
pediatric multisystem inflammatory syndrome,"['pediatric', 'syndrome', 'coronavirus', 'connected', 'systemic', 'children', 'inflammatory', 'disease', 'multisystem', 'inflamation', 'covid']"
national responses to the COVID-19 pandemic,"['internal', 'responses', 'national', 'world', 'response', 'pandemic', 'covid', 'nations']"
nirmatrelvir,"['chemical', 'nirmatrelvir', 'entity', 'compound', 'type']"
nirmatrelvir/ritonavir,"['antiviral', 'drug', 'combination', 'medication', 'nirmatrelvirritonavir']"
Noor Hisham Abdullah,"['abdullah', 'surgeon', 'endocrine', 'hisham', 'civil', 'human', 'malaysian', 'noor', 'servant']"
Operation Warp Speed,"['force', 'us', 'government', 'vaccines', 'operation', 'manufacturing', 'therapeutics', 'facilitate', 'task', 'publicprivate', 'development', 'covid', 'partnership', 'warp', 'speed', 'distribution', 'diagnostics']"
AZD1222,"['azd', 'vector', 'prevention', 'vaccine', 'product', 'funded', 'covid', 'viral']"
Peter Daszak,"['ecologist', 'peter', 'human', 'daszak', 'disease', 'zoologist']"
Pfizer–BioNTech COVID-19 vaccine,"['mrna', 'pfizerbiontech', 'vaccine', 'pfizer', 'product', 'biontech', 'funded', 'cooperation', 'covid']"
political impact of the COVID-19 pandemic,"['topic', 'political', 'systems', 'impact', 'pandemic', 'covid']"
public health,"['life', 'organizations', 'academic', 'discipline', 'efforts', 'public', 'disease', 'communities', 'individuals', 'prolonging', 'society', 'science', 'choices', 'health', 'art', 'promoting', 'preventing', 'organized', 'sciences', 'informed', 'private']"
Randomised Evaluation of COVID-19 Therapy,"['clinical', 'randomised', 'evaluation', 'covid', 'trial', 'therapy']"
Racial Disparities in the COVID-19 pandemic in the United States,"['racial', 'united', 'states', 'different', 'disparities', 'geographic', 'aspect', 'impact', 'unequal', 'groups', 'region', 'pandemic', 'covid']"
remdesivir,"['antiviral', 'chemical', 'entity', 'drug', 'remdesivir', 'compound', 'type']"
risk factor,"['infection', 'variable', 'factor', 'risk', 'association', 'correlational', 'necessarily', 'increased', 'frequently', 'disease', 'causal', 'environmental', 'associated']"
ritonavir,"['chemical', 'heterocyclic', 'entity', 'ritonavir', 'compound', 'type']"
Roberto Speranza,"['speranza', 'politician', 'minister', 'italian', 'health', 'human', 'roberto']"
SARS-CoV-2 Beta variant,"['beta', 'variant', 'group', 'sarscov', 'strains', 'class', 'mutated']"
SARS-CoV-2 Delta variant,"['b', 'variants', 'variant', 'subvariant', 'delta', 'lineage', 'sarscov']"
SARS-CoV-2 Gamma variant,"['variant', 'group', 'strains', 'sarscov', 'isolate', 'gamma', 'class']"
SARS-CoV-2 Iota variant,"['iota', 'variant', 'virus', 'group', 'sarscov', 'strains', 'class']"
SARS-CoV-2 Kappa variant,"['kappa', 'b', 'variants', 'variant', 'subvariant', 'lineage', 'sarscov']"
SARS-CoV-2 Lambda variant,"['lambda', 'variant', 'sarscov', 'variants']"
SARS-CoV-2 Omicron variant,"['variant', 'omicron', 'sarscov', 'variants']"
SARSr-CoV,"['sars', 'taxon', 'coronavirus', 'species', 'sarsrcov', 'covid', 'causing']"
silent hypoxia,"['form', 'silent', 'shortness', 'breath', 'coincide', 'hypoxia']"
Solidarity Trial,"['untested', 'world', 'hospitalized', 'inquiry', 'people', 'solidarity', 'phase', 'trial', 'severe', 'four', 'organization', 'health', 'covid', 'illness', 'clinical', 'compare', 'organized', 'partners', 'iiiiv', 'treatments', 'multinational']"
Statistics of the COVID-19 pandemic in the United States,"['deaths', 'statistics', 'various', 'states', 'united', 'relating', 'us', 'pandemic', 'covid', 'cases']"
symptoms of COVID-19,"['symptom', 'overview', 'covid', 'symptoms']"
Tedros Adhanom Ghebreyesus,"['tedros', 'politician', 'organization', 'world', 'ghebreyesus', 'health', 'human', 'adhanom', 'ethiopian', 'directorgeneral']"
timeline of the COVID-19 pandemic in 2019,"['events', 'timeline', 'sequence', 'virus', 'wikimedia', 'major', 'pandemic', 'covid']"
Timeline of the COVID-19 pandemic in April 2020,"['timeline', 'april', 'wikimedia', 'article', 'pandemic', 'covid']"
timeline of the COVID-19 pandemic in August 2020,"['timeline', 'wikimedia', 'article', 'august', 'pandemic', 'covid']"
Timeline of the COVID-19 pandemic in Australia,"['pandemic', 'covid', 'timeline', 'australia']"
timeline of the COVID-19 pandemic in Australia,"['description', 'timeline', 'australia', 'found', 'wikimedia', 'pandemic', 'covid']"
timeline of the COVID-19 pandemic in Australia,"['timeline', 'australia', 'virus', 'wikimedia', 'epidemiology', 'sarscov', 'pandemic', 'covid']"
Timeline of the COVID-19 pandemic in February 2020,"['timeline', 'wikimedia', 'february', 'article', 'pandemic', 'covid']"
timeline of the COVID-19 pandemic in Italy,"['events', 'timeline', 'notable', 'wikimedia', 'pandemic', 'covid', 'italy']"
Timeline of the COVID-19 pandemic in January 2020,"['timeline', 'wikimedia', 'article', 'january', 'pandemic', 'covid']"
timeline of the COVID-19 pandemic in July 2020,"['events', 'timeline', 'sequence', 'virus', 'wikimedia', 'article', 'major', 'july', 'list', 'pandemic', 'covid']"
Timeline of the COVID-19 pandemic in June 2020,"['timeline', 'wikimedia', 'article', 'pandemic', 'covid', 'june']"
Timeline of the COVID-19 pandemic in March 2020,"['timeline', 'march', 'wikimedia', 'article', 'pandemic', 'covid']"
Timeline of the COVID-19 pandemic in May 2020,"['timeline', 'wikimedia', 'article', 'may', 'pandemic', 'covid']"
Timeline of the COVID-19 pandemic in New York City,"['city', 'description', 'new', 'timeline', 'found', 'york', 'pandemic', 'covid']"
timeline of the COVID-19 pandemic in November 2020,"['timeline', 'november', 'wikimedia', 'article', 'pandemic', 'covid']"
timeline of the COVID-19 pandemic in October 2020,"['timeline', 'october', 'wikimedia', 'article', 'pandemic', 'covid']"
timeline of the COVID-19 pandemic in September 2020,"['events', 'timeline', 'september', 'sequence', 'virus', 'wikimedia', 'major', 'pandemic', 'covid']"
timeline of the COVID-19 pandemic in September 2021,"['timeline', 'september', 'wikimedia', 'article', 'pandemic', 'covid']"
tocilizumab,"['chemical', 'entity', 'drug', 'tocilizumab', 'pharmaceutical', 'compound', 'type']"
transmission of COVID-19,"['assist', 'transmission', 'infectious', 'caused', 'virus', 'mechanisms', 'superset', 'sarscov', 'disease', 'spread', 'covid']"
treatment of COVID-19,"['set', 'used', 'treat', 'patients', 'interventions', 'covid', 'treatment', 'medical']"
triage,"['based', 'triage', 'severity', 'diagnosis', 'condition', 'patients', 'priority', 'determining', 'medical', 'treatments']"
United Kingdom legislation connected with the COVID-19 pandemic,"['united', 'connected', 'kingdom', 'legislation', 'pandemic', 'covid', 'secondary', 'primary']"
variants of SARS-CoV-2,"['strain', 'different', 'variants', 'genetic', 'sequence', 'virus', 'sarscov', 'viral']"
ventilation,"['introduction', 'conditioning', 'ventilation', 'heating', 'air', 'space', 'intentional', 'outside', 'material', 'flow']"
"International Treaty on Pandemic Prevention, Preparedness and Response","['agreement', 'preparedness', 'treaty', 'prevention', 'international', 'proposed', 'response', 'pandemic']"
World Health Organization,"['united', 'concerned', 'organization', 'world', 'international', 'public', 'health', 'agency', 'specialized', 'nations']"
xenophobia and racism related to the COVID-19 pandemic,"['asians', 'xenophobia', 'prejudice', 'increase', 'related', 'result', 'pandemic', 'racism', 'covid']"
Zhang Jixian,"['doctor', 'jixian', 'human', 'chinese', 'zhang']"
2002–2004 SARS outbreak,"['sars', 'foshan', 'china', 'epidemic', 'originated', 'outbreak']"
202-CoV,"['candidate', 'cov', 'covid', 'vaccine']"
Danish mink cull,"['danish', 'began', 'political', 'infected', 'cull', 'believed', 'virus', 'killing', 'november', 'scandal', 'covid', 'mink']"
2020 Summer Olympics,"['games', 'summer', 'xxxii', 'japan', 'olympiad', 'held', 'tokyo', 'olympics', 'olympic']"
2020 Tablighi Jamaat coronavirus hotspot in Delhi,"['delhi', 'coronavirus', 'event', 'occurrence', 'tablighi', 'virus', 'hotspot', 'super', 'spreader', 'jamaat']"
2020 Vijayawada fire,"['vijayawada', 'pradesh', 'fire', 'structure', 'andhra', 'india']"
2020–21 NHL season,"['sports', 'edition', 'national', 'league', 'nhl', 'season', 'hockey']"
2021 Idar-Oberstein shooting,"['criminal', 'germany', 'case', 'shooting', 'idaroberstein']"
2021 hospital crisis in the U.S. from COVID-19,"['description', 'us', 'crisis', 'news', 'found', 'article', 'hospital', 'covid']"
COVID-19 pandemic in Shanghai March 2022,"['march', 'covid', 'disease', 'outbreak', 'pandemic', 'shanghai', 'viral']"
2022 Wellington protests,"['protests', 'protest', 'new', 'demonstration', 'lockdowns', 'zealand', 'restrictions', 'mandates', 'wellington', 'covid', 'convoy']"
SARS coronavirus main proteinase,"['sars', 'main', 'protease', 'coronavirus', 'enzymes', 'group', 'proteinase', 'class', 'cysteine']"
Misinformation related to 5G technology,"['misinformation', 'misleading', 'false', 'g', 'related', 'technology', 'information']"
76 Days,"['film', 'covid', 'documentary', 'days']"
ABNCoV2,"['candidate', 'abncov', 'covid', 'vaccine']"
AG0302-COVID‑19,"['candidate', 'covid', 'vaccine', 'agcovid']"
AKS-452,"['candidate', 'vaccine', 'covid', 'aks']"
Lunar-COV19,"['experimental', 'vaccine', 'lunarcov', 'covid', 'type', 'rna']"
ARCT-154,"['candidate', 'arct', 'covid', 'vaccine']"
AbC-19 rapid antibody test,"['abc', 'rapid', 'exposure', 'blood', 'antibody', 'test', 'immunological', 'covid']"
Abdala,"['candidate', 'covid', 'abdala', 'vaccine']"
Abingdon Health,"['business', 'united', 'company', 'kingdom', 'health', 'york', 'abingdon']"
airborne disease,"['transmitted', 'airborne', 'infectious', 'concentration', 'air', 'caused', 'spreading', 'place', 'definite', 'throughout', 'disease', 'spread', 'pattern', 'pathogens']"
ACE2,"['ace', 'proteincoding', 'species', 'sapiens', 'gene', 'homo']"
anthropause,"['reduction', 'global', 'anthropause', 'activity', 'historical', 'period', 'modern', 'human', 'pandemic', 'covid']"
SARS-CoV-2 lineage BA.3.2,"['omicron', 'variants', 'ba', 'variant', 'subvariant', 'lineage', 'sarscov']"
bamlanivimab,"['ingredient', 'experimental', 'bamlanivimab', 'active', 'antibody', 'treatment', 'covid']"
Biden Administration COVID-19 action plan,"['description', 'plan', 'administration', 'found', 'biden', 'covid', 'action']"
Biosecurity in Australia,"['description', 'australia', 'found', 'biosecurity', 'geographic', 'aspect', 'region']"
BlueDot,"['business', 'company', 'epidemiology', 'bluedot', 'aisoftware', 'canadian']"
BriLife,"['experimental', 'brilife', 'vaccine', 'product', 'funded', 'covid']"
Government of the United Kingdom's financial response to the COVID-19 pandemic,"['government', 'united', 'kingdoms', 'coronavirus', 'disease', 'uk', 'pandemic', 'response', 'financial', 'covid']"
Bruce Aylward,"['aylward', 'bruce', 'physician', 'advisor', 'human', 'senior', 'directorgeneral', 'epidemiologist', 'canadian']"
"Coronavirus Aid, Relief, and Economic Security Act","['united', 'coronavirus', 'states', 'federal', 'relief', 'aid', 'act', 'economic', 'legislation', 'statute', 'security']"
COH04S1,"['candidate', 'vaccine', 'covid', 'cohs']"
COVI-VAC,"['candidate', 'covivac', 'covid', 'vaccine']"
COVID-19 Contact-Confirming Application,"['application', 'welfare', 'app', 'health', 'created', 'contactconfirming', 'labour', 'covid', 'ministry']"
COVID-19 Genomics UK Consortium,"['research', 'british', 'consortium', 'genomics', 'uk', 'covid']"
COVID-19 Pandemic Unemployment Payment,"['government', 'payment', 'program', 'emergency', 'unemployment', 'aid', 'pandemic', 'irish', 'covid']"
COVID-19 Solidarity Response Fund,"['global', 'fund', 'initiative', 'solidarity', 'combat', 'response', 'financial', 'covid', 'raising', 'endowment']"
COVID-19 Supply Council,"['government', 'supply', 'effort', 'council', 'canada', 'covid']"
COVID-19 and cancer,"['cancer', 'impact', 'covid']"
COVID-19 community quarantines in the Philippines,"['community', 'covidrelated', 'curfews', 'quarantines', 'philippines', 'quarantine', 'covid', 'lockdowns']"
COVID-19 denial,"['misinformation', 'science', 'denial', 'conspiracy', 'theory', 'covid', 'rejection']"
COVID-19 eviction moratoriums in the United States,"['description', 'states', 'united', 'found', 'geographic', 'region', 'aspect', 'covid', 'moratoriums', 'eviction']"
COVID-19 disease in pregnancy,"['women', 'consequences', 'pregnancy', 'covid', 'disease', 'pregnant', 'medical', 'foetuses']"
COVID-19 pandemic lockdown in India,"['details', 'india', 'ongoing', 'lockdown', 'pandemic', 'covid']"
COVID-19 lockdown in the United Kingdom,"['united', 'kingdom', 'due', 'lockdown', 'pandemic', 'covid']"
COVID-19 misinformation in the Philippines,"['description', 'misinformation', 'genocide', 'united', 'states', 'found', 'related', 'philippines', 'pandemic', 'covid']"
COVID-19 pandemic in Abkhazia,"['covid', 'disease', 'outbreak', 'pandemic', 'abkhazia', 'viral']"
2020 COVID-19 pandemic in Akrotiri and Dhekelia,"['united', 'dhekelia', 'outbreak', 'virus', 'kingdom', 'disease', 'akrotiri', 'pandemic', 'covid']"
COVID-19 pandemic in Albania,"['ongoing', 'albania', 'disease', 'outbreak', 'pandemic', 'covid', 'viral']"
2020 COVID-19 pandemic in Alberta,"['alberta', 'outbreak', 'disease', 'canada', 'pandemic', 'covid', 'viral']"
COVID-19 pandemic in American Samoa,"['samoa', 'american', 'disease', 'outbreak', 'pandemic', 'covid']"
2020 COVID-19 pandemic in Andorra,"['andorra', 'ongoing', 'disease', 'outbreak', 'pandemic', 'details', 'covid', 'viral']"
COVID-19 pandemic in Armenia,"['armenia', 'ongoing', 'disease', 'outbreak', 'pandemic', 'details', 'covid', 'viral']"
2020 COVID-19 pandemic in Assam,"['india', 'assam', 'ongoing', 'disease', 'outbreak', 'pandemic', 'covid', 'viral']"
COVID-19 pandemic in Asturias,"['ongoing', 'disease', 'outbreak', 'pandemic', 'covid', 'viral', 'asturias']"
COVID-19 pandemic in Australia,"['australia', 'ongoing', 'disease', 'outbreak', 'pandemic', 'covid', 'viral']"
COVID-19 pandemic in Austria,"['coronavirus', 'overview', 'austria', 'disease', 'outbreak', 'pandemic', 'covid']"
2020 COVID-19 pandemic in Azerbaijan,"['disease', 'outbreak', 'azerbaijan', 'pandemic', 'covid', 'viral']"
COVID-19 pandemic in Belarus,"['belarus', 'ongoing', 'disease', 'outbreak', 'pandemic', 'details', 'covid', 'viral']"
COVID-19 pandemic in Belgium,"['belgium', 'coronavirus', 'overview', 'disease', 'outbreak', 'pandemic', 'covid']"
2020 COVID-19 pandemic in Belize,"['belize', 'disease', 'outbreak', 'pandemic', 'covid', 'viral']"
2020 COVID-19 pandemic in Bosnia and Herzegovina,"['ongoing', 'herzegovina', 'bosnia', 'disease', 'outbreak', 'pandemic', 'details', 'covid', 'viral']"
COVID-19 pandemic in Bulgaria,"['ongoing', 'disease', 'outbreak', 'bulgaria', 'pandemic', 'covid', 'viral']"
COVID-19 pandemic in California,"['united', 'states', 'ongoing', 'california', 'disease', 'outbreak', 'pandemic', 'covid', 'viral']"
COVID-19 pandemic in Canada,"['outbreak', 'ongoing', 'disease', 'canada', 'pandemic', 'details', 'covid', 'viral']"
COVID-19 pandemic in China,"['china', 'page', 'wikimedia', 'pandemic', 'covid', 'disambiguation']"
COVID-19 pandemic in Croatia,"['croatia', 'ongoing', 'disease', 'outbreak', 'pandemic', 'details', 'covid', 'viral']"
COVID-19 pandemic in Denmark,"['denmark', 'disease', 'outbreak', 'pandemic', 'covid', 'viral']"
2020 COVID-19 pandemic in Easter Island,"['island', 'ongoing', 'easter', 'outbreak', 'pandemic', 'covid', 'disease', 'viral']"
COVID-19 pandemic in Egypt,"['coronavirus', 'outbreak', 'ongoing', 'disease', 'egypt', 'pandemic', 'covid']"
COVID-19 pandemic in Estonia,"['estonia', 'ongoing', 'disease', 'outbreak', 'pandemic', 'details', 'covid', 'viral']"
COVID-19 pandemic in Ethiopia,"['ongoing', 'ethiopia', 'disease', 'outbreak', 'pandemic', 'details', 'covid', 'viral']"
COVID-19 pandemic in Finland,"['finland', 'disease', 'outbreak', 'pandemic', 'covid', 'viral']"
COVID-19 pandemic in France,"['disease', 'outbreak', 'pandemic', 'covid', 'france']"
2020 COVID-19 pandemic in French Guiana,"['guiana', 'disease', 'outbreak', 'pandemic', 'covid', 'french', 'viral']"
2020 COVID-19 pandemic in French Polynesia,"['polynsie', 'franaise', 'polynesia', 'outbreak', 'disease', 'pandemic', 'covid', 'french', 'viral']"
COVID-19 pandemic in Gagauzia,"['ongoing', 'gagauzia', 'pandemic', 'covid', 'viral']"
COVID-19 pandemic in Germany,"['coronavirus', 'germany', 'ongoing', 'disease', 'outbreak', 'pandemic', 'covid']"
2020 COVID-19 pandemic in Gibraltar,"['gibraltar', 'ongoing', 'disease', 'outbreak', 'pandemic', 'covid', 'viral']"
COVID-19 pandemic in Greece,"['greece', 'ongoing', 'disease', 'outbreak', 'pandemic', 'details', 'covid', 'viral']"
2020 COVID-19 pandemic in Grenada,"['grenada', 'disease', 'outbreak', 'pandemic', 'covid', 'viral']"
COVID-19 pandemic in Guadeloupe,"['guadeloupe', 'france', 'disease', 'outbreak', 'pandemic', 'covid', 'viral']"
COVID-19 pandemic in Henan,"['province', 'china', 'ongoing', 'disease', 'outbreak', 'henan', 'pandemic', 'covid', 'viral']"
COVID-19 pandemic in Hubei,"['hubei', 'coronavirus', 'china', 'disease', 'outbreak', 'pandemic', 'covid']"
COVID-19 pandemic in Hungary,"['ongoing', 'hungary', 'disease', 'outbreak', 'pandemic', 'covid', 'viral']"
COVID-19 pandemic in Iceland,"['ongoing', 'disease', 'outbreak', 'pandemic', 'covid', 'viral', 'iceland']"
2020 COVID-19 pandemic in Illinois,"['states', 'united', 'illinois', 'disease', 'outbreak', 'pandemic', 'covid']"
COVID-19 pandemic in Israel,"['israel', 'disease', 'outbreak', 'pandemic', 'covid', 'viral']"
COVID-19 pandemic in Japan,"['japan', 'ongoing', 'disease', 'outbreak', 'pandemic', 'covid', 'viral']"
COVID-19 pandemic in Kazakhstan,"['kazakhstan', 'disease', 'outbreak', 'pandemic', 'covid', 'viral']"
COVID-19 pandemic in Kosovo,"['ongoing', 'kosovo', 'disease', 'outbreak', 'pandemic', 'covid', 'viral']"
COVID-19 pandemic in Latvia,"['ongoing', 'disease', 'outbreak', 'pandemic', 'latvia', 'details', 'covid', 'viral']"
2020 COVID-19 pandemic in Liechtenstein,"['liechtenstein', 'ongoing', 'disease', 'outbreak', 'pandemic', 'covid', 'viral']"
COVID-19 pandemic in Lithuania,"['lithuania', 'details', 'ongoing', 'disease', 'outbreak', 'pandemic', 'covid', 'viral']"
COVID-19 pandemic in Luxembourg,"['disease', 'outbreak', 'luxembourg', 'pandemic', 'covid', 'viral']"
COVID-19 pandemic in Malta,"['ongoing', 'malta', 'disease', 'outbreak', 'pandemic', 'details', 'covid', 'viral']"
2020 COVID-19 pandemic in Martinique,"['martinique', 'france', 'disease', 'outbreak', 'pandemic', 'covid', 'viral']"
2020 COVID-19 pandemic in Mayotte,"['mayotte', 'france', 'disease', 'outbreak', 'pandemic', 'covid', 'viral']"
COVID-19 pandemic in Metro Manila,"['manila', 'metro', 'ongoing', 'philippines', 'outbreak', 'pandemic', 'covid', 'disease', 'viral']"
COVID-19 pandemic in Moldova,"['moldova', 'ongoing', 'disease', 'outbreak', 'pandemic', 'details', 'covid', 'viral']"
2020 COVID-19 pandemic in Monaco,"['monaco', 'details', 'ongoing', 'disease', 'outbreak', 'pandemic', 'covid', 'viral']"
2020 COVID-19 pandemic in Mozambique,"['disease', 'outbreak', 'mozambique', 'pandemic', 'covid', 'viral']"
2020 COVID-19 pandemic in Myanmar,"['myanmar', 'disease', 'outbreak', 'pandemic', 'covid', 'viral']"
2020 COVID-19 pandemic in Nagaland,"['nagaland', 'ongoing', 'disease', 'outbreak', 'pandemic', 'covid', 'viral']"
COVID-19 pandemic in New Caledonia,"['caledonia', 'new', 'nouvellecaldonie', 'disease', 'outbreak', 'pandemic', 'covid']"
2020 COVID-19 pandemic in New Hampshire,"['united', 'new', 'states', 'hampshire', 'disease', 'outbreak', 'pandemic', 'covid']"
COVID-19 pandemic in New York,"['new', 'united', 'states', 'ongoing', 'york', 'disease', 'outbreak', 'state', 'pandemic', 'covid', 'viral']"
COVID-19 pandemic in Newfoundland and Labrador,"['coronavirus', 'outbreak', 'labrador', 'canada', 'newfoundland', 'pandemic', 'covid', 'disease']"
COVID-19 pandemic in North Korea,"['korea', 'ongoing', 'north', 'disease', 'outbreak', 'pandemic', 'details', 'covid', 'viral']"
2020 COVID-19 pandemic in North Macedonia,"['ongoing', 'north', 'macedonia', 'disease', 'outbreak', 'pandemic', 'details', 'covid', 'viral']"
COVID-19 pandemic in Norway,"['coronavirus', 'norway', 'regarding', 'disease', 'outbreak', 'pandemic', 'details', 'covid']"
COVID-19 pandemic in Poland,"['poland', 'sarscov', 'disease', 'outbreak', 'spread', 'pandemic', 'covid', 'infections']"
COVID-19 pandemic in Portugal,"['portugal', 'ongoing', 'disease', 'outbreak', 'pandemic', 'details', 'covid', 'viral']"
2020 COVID-19 pandemic in Prince Edward Island,"['prince', 'edward', 'island', 'disease', 'outbreak', 'pandemic', 'covid', 'viral']"
2020 COVID-19 pandemic in Rhode Island,"['united', 'states', 'island', 'rhode', 'disease', 'outbreak', 'pandemic', 'covid']"
COVID-19 pandemic in Romania,"['romania', 'details', 'ongoing', 'disease', 'outbreak', 'pandemic', 'covid', 'viral']"
COVID-19 pandemic in Russia,"['outbreak', 'ongoing', 'disease', 'russia', 'pandemic', 'covid', 'viral']"
COVID-19 pandemic in Saint Helena,"['helena', 'saint', 'disease', 'outbreak', 'pandemic', 'covid', 'viral']"
2020 COVID-19 pandemic in Saint Pierre and Miquelon,"['pierre', 'miquelon', 'saint', 'ongoing', 'disease', 'outbreak', 'pandemic', 'covid', 'viral']"
COVID-19 pandemic in Saint Vincent and the Grenadines,"['saint', 'grenadines', 'vincent', 'disease', 'outbreak', 'pandemic', 'covid', 'viral']"
COVID-19 pandemic in San Marino,"['san', 'marino', 'disease', 'outbreak', 'pandemic', 'covid', 'viral']"
COVID-19 pandemic in Singapore,"['singapore', 'ongoing', 'disease', 'outbreak', 'pandemic', 'details', 'covid', 'viral']"
COVID-19 pandemic in Slovakia,"['slovakia', 'ongoing', 'disease', 'outbreak', 'pandemic', 'covid', 'viral']"
COVID-19 pandemic in Slovenia,"['ongoing', 'slovenia', 'disease', 'outbreak', 'pandemic', 'details', 'covid', 'viral']"
COVID-19 pandemic in Somaliland,"['somaliland', 'disease', 'outbreak', 'pandemic', 'covid', 'viral']"
COVID-19 pandemic in South Africa,"['viral', 'africa', 'ongoing', 'disease', 'outbreak', 'pandemic', 'details', 'covid', 'south']"
COVID-19 pandemic in South Korea,"['south', 'korea', 'disease', 'outbreak', 'pandemic', 'covid', 'viral']"
COVID-19 pandemic in South Ossetia,"['ossetia', 'south', 'disease', 'outbreak', 'pandemic', 'covid', 'viral']"
COVID-19 pandemic in Spain,"['spain', 'disease', 'outbreak', 'pandemic', 'covid', 'viral']"
COVID-19 pandemic in Sri Lanka,"['covid', 'disease', 'outbreak', 'lanka', 'pandemic', 'sri', 'viral']"
COVID-19 pandemic in Sweden,"['outbreak', 'ongoing', 'disease', 'sweden', 'pandemic', 'covid', 'viral']"
COVID-19 pandemic in Switzerland,"['coronavirus', 'disease', 'outbreak', 'switzerland', 'pandemic', 'covid']"
2020 COVID-19 pandemic in São Tomé and Príncipe,"['tom', 'prncipe', 'disease', 'outbreak', 'pandemic', 'covid', 'viral']"
COVID-19 pandemic in Taiwan,"['coronavirus', 'taiwan', 'disease', 'outbreak', 'pandemic', 'covid']"
2020 COVID-19 pandemic in Tamil Nadu,"['india', 'tamil', 'disease', 'outbreak', 'pandemic', 'covid', 'nadu']"
COVID-19 pandemic in Togo,"['togo', 'disease', 'outbreak', 'pandemic', 'covid', 'viral']"
2020 COVID-19 pandemic in Transnistria,"['transnistria', 'disease', 'outbreak', 'pandemic', 'covid', 'viral']"
COVID-19 pandemic in Turkey,"['ongoing', 'disease', 'outbreak', 'pandemic', 'turkey', 'details', 'covid', 'viral']"
2020 COVID-19 pandemic in Uganda,"['uganda', 'disease', 'outbreak', 'pandemic', 'covid', 'viral']"
COVID-19 pandemic in Ukraine,"['ukraine', 'ongoing', 'disease', 'outbreak', 'pandemic', 'details', 'covid', 'viral']"
COVID-19 pandemic in Vatican City,"['city', 'vatican', 'details', 'ongoing', 'disease', 'outbreak', 'pandemic', 'covid', 'viral']"
COVID-19 pandemic in Venezuela,"['venezuela', 'disease', 'outbreak', 'pandemic', 'covid', 'viral']"
COVID-19 pandemic in Wallis and Futuna,"['wallis', 'disease', 'outbreak', 'futuna', 'pandemic', 'covid', 'france']"
2020 COVID-19 pandemic in Western Sahara,"['western', 'disease', 'outbreak', 'sahara', 'pandemic', 'covid', 'viral']"
2020 COVID-19 pandemic in Zambia,"['zambia', 'disease', 'outbreak', 'pandemic', 'covid', 'viral']"
COVID-19 pandemic in popular culture,"['popular', 'culture', 'references', 'pandemic', 'covid']"
2020 COVID-19 pandemic in the Cayman Islands,"['islands', 'ongoing', 'cayman', 'disease', 'outbreak', 'pandemic', 'covid', 'viral']"
COVID-19 pandemic in the Czech Republic,"['details', 'republic', 'ongoing', 'disease', 'outbreak', 'pandemic', 'czech', 'covid', 'viral']"
2020 COVID-19 pandemic in the Falkland Islands,"['islands', 'ongoing', 'disease', 'outbreak', 'pandemic', 'falkland', 'details', 'covid']"
2020 COVID-19 pandemic in the Isle of Man,"['isle', 'outbreak', 'ongoing', 'disease', 'man', 'pandemic', 'covid', 'viral']"
COVID-19 pandemic in the Kurdistan Region,"['kurdistan', 'ongoing', 'iraqi', 'covid', 'pandemic', 'region', 'viral']"
2020 COVID-19 pandemic in the Navajo Nation,"['navajo', 'nation', 'disease', 'outbreak', 'pandemic', 'covid']"
COVID-19 pandemic in the Netherlands,"['netherlands', 'disease', 'outbreak', 'pandemic', 'covid', 'viral']"
COVID-19 pandemic in the Philippines,"['philippines', 'disease', 'outbreak', 'pandemic', 'covid']"
COVID-19 pandemic in the Republic of Ireland,"['ireland', 'republic', 'ongoing', 'disease', 'outbreak', 'pandemic', 'details', 'covid', 'viral']"
COVID-19 pandemic in the Solomon Islands,"['islands', 'ongoing', 'disease', 'outbreak', 'pandemic', 'covid', 'viral', 'solomon']"
COVID-19 pandemic in the United Kingdom,"['united', 'kingdom', 'ongoing', 'disease', 'outbreak', 'pandemic', 'covid', 'viral']"
COVID-19 pandemic in the United States,"['states', 'united', 'ongoing', 'disease', 'outbreak', 'pandemic', 'covid', 'viral']"
COVID-19 protests in the Republic of Ireland,"['protests', 'description', 'ireland', 'found', 'republic', 'covid']"
2020 United States anti-lockdown protests,"['protests', 'states', 'united', 'antilockdown', 'protest', 'due', 'restrictions', 'rallies', 'pandemic', 'covid']"
COVID-19 Surveillance,"['assist', 'epidemiological', 'risk', 'preparedness', 'surveillance', 'monitoring', 'patterns', 'assessment', 'order', 'progression', 'establish', 'disease', 'spread', 'guide', 'covid']"
COVID-19 testing in the United States,"['states', 'united', 'testing', 'america', 'covid']"
COVID-19 vaccination in Albania,"['description', 'vaccination', 'occurrence', 'albania', 'found', 'covid']"
COVID-19 vaccination in Australia,"['rollout', 'vaccination', 'vaccines', 'australia', 'program', 'vaccine', 'deployment', 'covid']"
COVID-19 vaccination in Bhutan,"['plan', 'bhutan', 'vaccination', 'occurrence', 'covid', 'immunize']"
COVID-19 vaccination in Canada,"['programme', 'vaccination', 'occurrence', 'vaccines', 'deployment', 'canada', 'covid']"
COVID-19 vaccination in Hungary,"['plan', 'vaccination', 'occurrence', 'hungary', 'covid', 'immunize']"
COVID-19 vaccination in Japan,"['plan', 'vaccination', 'japan', 'mass', 'covid', 'immunize']"
COVID-19 vaccination in Moldova,"['vaccination', 'occurrence', 'moldova', 'campaign', 'pandemic', 'covid']"
COVID-19 vaccination in Romania,"['vaccination', 'occurrence', 'romania', 'virus', 'sarscov', 'campaign', 'covid']"
COVID-19 vaccination in mainland China‎,"['plan', 'vaccination', 'mainland', 'china', 'mass', 'covid', 'immunize']"
COVID-19 vaccination in the Republic of Ireland,"['plan', 'vaccination', 'occurrence', 'ireland', 'republic', 'covid', 'immunize']"
COVID-19 vaccination in the United States,"['states', 'plan', 'united', 'vaccination', 'vaccines', 'deployment', 'mass', 'covid', 'immunize']"
COVID-19 vaccine mandate,"['mandate', 'us', 'people', 'vaccine', 'receive', 'mandates', 'covid']"
COVID-19 vaccine hesitancy in the United States,"['vaccinated', 'states', 'united', 'hesitancy', 'vaccine', 'children', 'living', 'ones', 'reluctance', 'covid', 'usa']"
COVID Moonshot,"['research', 'antiviral', 'march', 'unpatented', 'openscience', 'oral', 'drug', 'treat', 'started', 'goal', 'sarscov', 'project', 'moonshot', 'covid', 'developing', 'collaborative']"
COVIran Barekat,"['stateowned', 'shifa', 'barekat', 'iranian', 'vaccine', 'group', 'coviran', 'pharmed', 'developed', 'covid', 'industrial']"
California government response to the COVID-19 pandemic,"['government', 'actions', 'regarding', 'california', 'state', 'response', 'pandemic', 'covid']"
Calvin Sun,"['organizer', 'doctor', 'community', 'calvin', 'nycbased', 'human', 'sun', 'travel', 'er']"
Tom Moore,"['officer', 'british', 'tom', 'human', 'fundraiser', 'army', 'moore']"
case fatality rate,"['deaths', 'rate', 'infectious', 'compared', 'number', 'ratio', 'fatality', 'diagnosed', 'disease', 'case', 'cases', 'proportion']"
Centers for Disease Control and Prevention,"['government', 'united', 'states', 'centers', 'prevention', 'federal', 'public', 'health', 'agency', 'disease', 'control']"
Chen Wei,"['chen', 'scientist', 'human', 'chinese', 'wei', 'medical']"
ChinaAngVirus disinformation campaign,"['disinformation', 'states', 'united', 'chinaangvirus', 'military', 'campaign']"
Chinese Academy of Medical Sciences COVID-19 vaccine,"['candidate', 'sciences', 'vaccine', 'chinese', 'academy', 'medical', 'covid']"
chloroquine and hydroxychloroquine during the COVID-19 pandemic,"['research', 'controversy', 'chloroquine', 'drug', 'repurposing', 'hydroxychloroquine', 'pandemic', 'aspect', 'covid', 'scientific']"
Cluster 5 Outbreak,"['variant', 'cluster', 'sarscov', 'disease', 'outbreak', 'mutated']"
Medicago Inc. COVID-19 vaccine candidate,"['candidate', 'medicago', 'particle', 'vaccine', 'viruslike', 'covid', 'type', 'inc']"
concerns and controversies at the 2020 Summer Olympics,"['games', 'japans', 'controversy', 'summer', 'issues', 'olympics', 'concerns', 'controversies', 'olympic']"
conjugate vaccine,"['type', 'conjugate', 'vaccine']"
"Consolidated Appropriations Act, 2021","['appropriations', 'united', 'states', 'congress', 'consolidated', 'relief', 'act', 'bill', 'pandemic']"
COVID-19 contracts in the United Kingdom,"['government', 'united', 'british', 'kingdom', 'covid', 'contracts']"
Ad5-nCoV,"['adncov', 'adenovirusbased', 'vaccine', 'chinese', 'covid']"
Corbevax,"['candidate', 'covid', 'vaccine', 'corbevax']"
CoronaVac,"['coronavac', 'vaccine', 'product', 'funded', 'sinovac', 'covid']"
Coronaviridae,"['taxon', 'virus', 'family', 'coronaviridae']"
Coronavirus breathalyzer,"['coronavirus', 'diagnostic', 'breathalyzer', 'device', 'test', 'breath', 'medical']"
Case Covaxin,"['covaxin', 'occurrence', 'controversy', 'vaccine', 'case', 'brazil']"
Covaxin / BBV152,"['covaxin', 'covid', 'bbv', 'vaccine']"
CoviVac,"['covivac', 'type', 'rusa', 'vaccine']"
Covid Watch,"['source', 'founded', 'february', 'open', 'watch', 'nonprofit', 'covid']"
CoviVac,"['covivac', 'covid', 'vaccine']"
zorecimeran,"['candidate', 'vaccine', 'zorecimeran', 'product', 'funded', 'covid']"
Darvinson Rojas,"['venezuelan', 'rojas', 'human', 'journalist', 'darvinson']"
Decentralized Privacy-Preserving Proximity Tracing,"['decentralized', 'contact', 'privacypreserving', 'tracing', 'protocol', 'proximity']"
DelNS1-2019-nCoV-RBD-OPT,"['delnsncovrbdopt', 'candidate', 'covid', 'vaccine']"
Diamond Princess,"['built', 'diamond', 'cruise', 'ship', 'princess']"
digital contact tracing,"['user', 'infected', 'relying', 'determine', 'systems', 'contact', 'tracing', 'patient', 'method', 'tracking', 'digital']"
disease cluster,"['illness', 'location', 'group', 'cluster', 'health', 'proximity', 'disease', 'occurrences', 'conditions', 'time']"
Drew Weissman,"['human', 'american', 'physicianscientist', 'weissman', 'drew', 'born']"
Eastern States Multi-state Council,"['states', 'united', 'interstate', 'council', 'seven', 'northeastern', 'eastern', 'multistate', 'compact']"
economic impact of the COVID-19 pandemic,"['topic', 'consequence', 'impact', 'effects', 'economic', 'pandemic', 'covid']"
Educational crisis in Ethiopia since 2020,"['educational', 'crisis', 'ongoing', 'phenomenon', 'ethiopia', 'since']"
emerging communicable disease,"['transmission', 'infectious', 'pathogen', 'novel', 'emerging', 'mode', 'range', 'communicable', 'disease', 'outbreak', 'often']"
Enhanced community quarantine in Luzon,"['community', 'enhanced', 'lockdown', 'luzon', 'quarantine']"
ensitrelvir,"['chemical', 'ensitrelvir', 'entity', 'compound', 'type']"
EpiVacCorona,"['experimental', 'russian', 'vaccine', 'epivaccorona', 'covid']"
EuCorVac-19,"['eucorvac', 'candidate', 'covid', 'vaccine']"
European Union response to the COVID-19 pandemic,"['union', 'ongoing', 'reaction', 'european', 'response', 'pandemic', 'covid', 'viral']"
evacuations related to the COVID-19 pandemic,"['timeline', 'related', 'pandemic', 'covid', 'evacuations', 'evacuation']"
EveryDoctor,"['uk', 'everydoctor', 'advocacy', 'group']"
Exposure Notification,"['devicebased', 'notification', 'exposure', 'contact', 'privacypreserving', 'tracing', 'initiative', 'proximity', 'mobile']"
extracorporeal membrane oxygenation,"['support', 'respiratory', 'oxygenation', 'membrane', 'providing', 'cardiac', 'procedure', 'extracorporeal', 'technique']"
FAKHRAVAC,"['candidate', 'fakhravac', 'vaccine', 'inactivated', 'covid', 'type']"
face masks during the COVID-19 pandemic in the United States,"['united', 'masks', 'states', 'use', 'coverings', 'face', 'pandemic', 'covid']"
Families First Coronavirus Response Act,"['united', 'coronavirus', 'states', 'families', 'congress', 'act', 'first', 'bill', 'response']"
Far UVC,"['uv', 'emerging', 'germicidal', 'far', 'uvc', 'light', 'subtype']"
fenofibrate,"['cholesterol', 'chemical', 'reduce', 'mainly', 'fibrate', 'drug', 'used', 'entity', 'fenofibrate', 'type', 'class', 'levels']"
financial market impact of the 2019–20 coronavirus pandemic,"['topic', 'turmoil', 'coronavirus', 'impact', 'market', 'economic', 'pandemic', 'covid', 'financial', 'associated']"
flatten the curve,"['public', 'strategy', 'health', 'curve', 'flatten']"
fomite,"['object', 'infectious', 'vector', 'carrying', 'capable', 'fomite', 'nonliving', 'agents']"
impact of the COVID-19 pandemic on food,"['topic', 'coronavirus', 'caused', 'food', 'impact', 'related', 'famines', 'disease', 'pandemic', 'covid']"
GRAd-COV2,"['adenovirusbased', 'experimental', 'gradcov', 'vaccine', 'covid', 'type']"
GX-19,"['candidate', 'covid', 'vaccine', 'gx']"
gain of function research,"['discipline', 'research', 'gain', 'genetic', 'biomedical', 'field', 'academic', 'function']"
Generation Alpha,"['cultural', 'z', 'cohort', 'succeeding', 'western', 'generation', 'alpha', 'society']"
Genetic vaccine,"['containing', 'genetic', 'vaccine', 'acids', 'nucleic']"
George Floyd protests,"['protests', 'police', 'racial', 'protest', 'following', 'united', 'states', 'floyd', 'murder', 'george', 'unrest']"
German government response to the COVID-19 pandemic,"['government', 'german', 'actions', 'response', 'pandemic', 'covid']"
Global Advisory Committee on Vaccine Safety,"['description', 'global', 'vaccine', 'safety', 'found', 'committee', 'advisory']"
Glossary of the COVID-19 pandemic,"['wikimedia', 'article', 'glossary', 'list', 'pandemic', 'covid']"
The Great Reset,"['world', 'proposal', 'forum', 'reset', 'economic', 'great']"
Greg Mortimer,"['mortimer', 'built', 'cruise', 'ship', 'greg']"
HEROES Act,"['legislation', 'proposed', 'act', 'heroes']"
HGC019,"['candidate', 'covid', 'hgc', 'vaccine']"
"The Health Protection (Coronavirus, Restrictions) (England) (No. 4) Regulations 2020","['protection', 'regulations', 'coronavirus', 'england', 'instrument', 'health', 'statutory', 'restrictions', 'uk']"
"The Health Protection (Coronavirus, Restrictions) (England) Regulations 2020","['protection', 'regulations', 'coronavirus', 'law', 'england', 'emergency', 'instrument', 'health', 'statutory', 'restrictions', 'uk', 'response', 'pandemic', 'covid']"
"The Health Protection (Coronavirus, Restrictions) (Steps) (England) Regulations 2021","['protection', 'regulations', 'coronavirus', 'england', 'steps', 'instrument', 'health', 'statutory', 'restrictions', 'legislation', 'uk']"
health security,"['states', 'sovereign', 'public', 'via', 'health', 'actions', 'type', 'security']"
"heating, ventilation, and air conditioning","['conditioning', 'ventilation', 'heating', 'air', 'mechanical', 'indoor', 'technology', 'comfort', 'system', 'industry', 'vehicular', 'environmental']"
r/HermanCainAward,"['precautions', 'subreddit', 'refuse', 'die', 'people', 'rhermancainaward', 'post', 'media', 'virus', 'featuring', 'social', 'covid']"
homeschooling during the 2020 COVID-19 pandemic,"['homeschooling', 'pandemic', 'covid', 'overview']"
Rhinolophidae,"['taxon', 'family', 'mammals', 'rhinolophidae']"
The Human Medicines (Coronavirus and Influenza) (Amendment) Regulations 2020,"['influenza', 'medicines', 'regulations', 'coronavirus', 'england', 'instrument', 'human', 'statutory', 'amendment']"
human challenge study,"['dilemma', 'clinical', 'pathogen', 'exposure', 'intentional', 'vaccine', 'drug', 'ethical', 'human', 'test', 'subjects', 'study', 'trial', 'challenge']"
hydroxychloroquine,"['chemical', 'group', 'stereoisomers', 'hydroxychloroquine', 'aminoquinoline', 'compound']"
BBV154,"['candidate', 'covid', 'bbv', 'vaccine']"
INNA-051,"['candidate', 'covid', 'vaccine', 'inna']"
ImmunityBio COVID-19 vaccine,"['vector', 'vaccine', 'developed', 'immunitybio', 'covid', 'viral']"
impact of the COVID-19 pandemic on the 2020 Summer Olympics,"['description', 'topic', 'summer', 'found', 'impact', 'olympics', 'pandemic', 'covid']"
impact of the 2019–20 coronavirus pandemic on abortion in the United States,"['topic', 'united', 'coronavirus', 'states', 'abortion', 'impact', 'pandemic', 'covid']"
Covid-19 in children,"['topic', 'children', 'impact', 'pandemic', 'covid']"
Impact of the COVID-19 pandemic on combat sports,"['description', 'topic', 'sports', 'found', 'impact', 'combat', 'pandemic', 'covid']"
Impact of the COVID-19 pandemic on crime in the Republic of Ireland,"['description', 'topic', 'ireland', 'republic', 'found', 'impact', 'crime', 'pandemic', 'covid']"
Impact of the COVID-19 pandemic on funerals,"['description', 'topic', 'funerals', 'found', 'impact', 'pandemic', 'covid']"
impact of the COVID-19 pandemic on international relations,"['description', 'topic', 'relations', 'international', 'found', 'impact', 'pandemic', 'covid']"
Impact of the COVID-19 pandemic on migration,"['description', 'topic', 'migration', 'found', 'impact', 'pandemic', 'covid']"
impact of the COVID-19 pandemic on other health issues,"['topic', 'consequences', 'issues', 'health', 'impact', 'disease', 'outbreak', 'beyond', 'pandemic', 'covid']"
Impact of the COVID-19 pandemic on politics in Malaysia,"['topic', 'consequences', 'politics', 'malaysia', 'impact', 'pandemic', 'covid']"
Impact of the COVID-19 pandemic on politics in the Republic of Ireland,"['topic', 'consequences', 'politics', 'ireland', 'republic', 'impact', 'pandemic', 'covid']"
impact of the COVID-19 pandemic on prisons,"['topic', 'ongoing', 'impact', 'prisons', 'pandemic', 'covid', 'viral']"
Impact of the COVID-19 pandemic on retail,"['topic', 'retail', 'aspect', 'impact', 'outbreak', 'pandemic', 'covid', 'viral']"
impact of the COVID-19 pandemic on science and technology,"['topic', 'science', 'disruption', 'projects', 'space', 'globally', 'shutdown', 'due', 'technology', 'impact', 'effects', 'economic', 'pandemic', 'covid']"
Impact of the COVID-19 pandemic on sports in the Republic of Ireland,"['sport', 'topic', 'sports', 'consequences', 'ireland', 'republic', 'impact', 'pandemic', 'covid']"
impact of the COVID-19 pandemic on television,"['topic', 'television', 'ongoing', 'impact', 'pandemic', 'covid', 'viral']"
Impact of the COVID-19 pandemic on television in the United States,"['topic', 'television', 'united', 'states', 'coronavirus', 'impact', 'pandemic', 'covid']"
Impact of the COVID-19 pandemic on the Catholic Church,"['description', 'topic', 'catholic', 'found', 'impact', 'church', 'pandemic', 'covid']"
impact of the COVID-19 pandemic on the arts and cultural heritage,"['cultural', 'description', 'topic', 'heritage', 'sociocultural', 'aspect', 'impact', 'arts', 'pandemic', 'covid']"
impact of the COVID-19 pandemic on the environment,"['topic', 'environment', 'coronavirus', 'issues', 'impact', 'effects', 'outbreak', 'pandemic', 'covid', 'environmental']"
impact of the COVID-19 pandemic on the meat industry in the United States,"['topic', 'united', 'states', 'meat', 'impact', 'industry', 'pandemic', 'covid']"
Imperial College COVID-19 Response Team,"['college', 'british', 'crisis', 'group', 'imperial', 'team', 'response', 'covid', 'advisory', 'scientists']"
Indian Council of Medical Research,"['research', 'government', 'organization', 'council', 'indian', 'medical']"
Indian government response to the COVID-19 pandemic,"['government', 'responses', 'national', 'indian', 'actions', 'response', 'pandemic', 'covid']"
Infectious Diseases Hospital in Voronovskoye,"['infectious', 'diseases', 'hospital', 'russia', 'voronovskoye']"
interferon beta-1a,"['chemical', 'beta', 'betaa', 'drug', 'entity', 'pharmaceutical', 'interferon', 'type']"
International Vaccine Institute,"['organization', 'vaccine', 'international', 'institute', 'independent', 'nonprofit']"
international aid related to the COVID-19 pandemic,"['international', 'aid', 'aspect', 'related', 'outbreak', 'pandemic', 'covid', 'viral']"
Irish government response to the COVID-19 pandemic,"['irish', 'government', 'response', 'pandemic', 'covid']"
Jaap van Dissel,"['jaap', 'university', 'human', 'dissel', 'van', 'leiden', 'teacher']"
Ad26.COV2.S,"['adenovirusbased', 'vaccine', 'adcovs', 'johnson', 'product', 'funded', 'covid']"
Joint Biosecurity Centre,"['government', 'body', 'centre', 'biosecurity', 'uk', 'joint', 'scientific']"
K-Quarantine,"['kquarantine', 'prevention', 'strategy', 'disease', 'control', 'quarantine', 'covid', 'korean', 'south']"
KD-414,"['candidate', 'covid', 'vaccine', 'kd']"
Kissing the Coronavirus,"['coronavirus', 'kissing', 'edwards', 'novelette', 'work', 'winters', 'robert', 'j', 'literary']"
LYB001,"['candidate', 'vaccine', 'covid', 'lyb']"
Liang Wudong,"['wudong', 'physician', 'human', 'chinese', 'liang']"
list of notable COVID-19 deaths in South Africa,"['deaths', 'africa', 'notable', 'wikimedia', 'article', 'list', 'covid', 'south']"
Impact of the COVID-19 pandemic on airlines,"['topic', 'coronavirus', 'airlines', 'impact', 'outbreak', 'pandemic', 'covid']"
list of films impacted by the COVID-19 pandemic,"['films', 'impacted', 'wikimedia', 'article', 'list', 'pandemic', 'covid']"
list of unproven methods against COVID-19,"['cure', 'methods', 'products', 'prevent', 'wikimedia', 'article', 'unproven', 'list', 'fake', 'diagnose', 'medical', 'covid', 'claim']"
lopinavir/ritonavir,"['chemical', 'lopinavirritonavir', 'drug', 'combination', 'hiv', 'entities', 'mixture', 'type']"
Luc Montagnier,"['montagnier', 'physiology', 'medicine', 'luc', 'prize', 'nobel', 'human', 'virologist', 'recipient', 'joint', 'french']"
mRNA-1283,"['candidate', 'covid', 'mrna', 'vaccine']"
MVC COVID-19 Vaccine,"['made', 'mvc', 'vaccine', 'medigen', 'covid']"
Masimo,"['business', 'healthcare', 'company', 'masimo', 'american']"
epidemiological modeling,"['predict', 'transmission', 'modeling', 'understand', 'infectious', 'epidemic', 'likely', 'mathematical', 'disease', 'outcome', 'epidemiological', 'using', 'model']"
Max Kennedy Jr.,"['whistleblower', 'max', 'kennedy', 'human', 'american', 'jr']"
mechanical filter,"['filter', 'particulate', 'respirator', 'mechanical']"
media coverage of the COVID-19 pandemic,"['media', 'aspect', 'outbreak', 'viral', 'pandemic', 'covid', 'coverage']"
mental health during the COVID-19 pandemic,"['world', 'anxiety', 'arising', 'worry', 'disease', 'social', 'response', 'measures', 'pandemic', 'individuals', 'stress', 'mental', 'health', 'impact', 'covid', 'distancing', 'around', 'many', 'including']"
MigVax-101,"['candidate', 'migvax', 'covid', 'vaccine']"
Minhai COVID-19 vaccine,"['candidate', 'minhai', 'covid', 'vaccine']"
Mississippi Legislature COVID-19 outbreak,"['mississippi', 'legislature', 'disease', 'outbreak', 'covid']"
mRNA-1273 vaccine,"['mrna', 'vaccine', 'product', 'funded', 'covid']"
molnupiravir,"['chemical', 'entity', 'molnupiravir', 'compound', 'type']"
mucormycosis,"['infection', 'mucormycosis', 'fungal', 'zygomycosis', 'order', 'mucorales', 'disease', 'class']"
NDV-HXP-S,"['candidate', 'covid', 'vaccine', 'ndvhxps']"
NHS Nightingale Birmingham,"['temporary', 'nightingale', 'birmingham', 'england', 'nhs', 'hospital', 'pandemic', 'covid']"
NHS Nightingale Hospital North West,"['temporary', 'third', 'nightingale', 'hospitals', 'set', 'england', 'west', 'north', 'nhs', 'hospital']"
NHS Nightingale Hospital Yorkshire and the Humber,"['temporary', 'harrogate', 'nightingale', 'set', 'centre', 'nhs', 'humber', 'hospital', 'covid', 'yorkshire', 'convention']"
Nanocovax,"['nanocovax', 'candidate', 'covid', 'vaccine']"
National Expert Group on Vaccine Administration for COVID-19,"['administration', 'vaccination', 'national', 'guidance', 'provide', 'organization', 'vaccine', 'group', 'indian', 'related', 'committee', 'expert', 'covid', 'advisory']"
National Health Commission of the People's Republic of China,"['government', 'national', 'china', 'peoples', 'commission', 'health', 'agency', 'republic']"
New York state government response to the COVID-19 pandemic,"['government', 'new', 'actions', 'regarding', 'york', 'state', 'response', 'pandemic', 'covid']"
Nita K. Patel,"['k', 'nita', 'indianamerican', 'physician', 'human', 'patel', 'vaccinologist']"
non-pharmaceutical intervention,"['without', 'requiring', 'treatments', 'reduce', 'epidemic', 'public', 'health', 'method', 'nonpharmaceutical', 'spread', 'medical', 'intervention']"
Noora,"['candidate', 'noora', 'covid', 'vaccine']"
NVX-CoV2373,"['vaccine', 'product', 'funded', 'covid', 'nvxcov']"
Novel Coronavirus Expert Meeting,"['headquarters', 'coronavirus', 'meeting', 'novel', 'organization', 'japan', 'panel', 'expert', 'response', 'established', 'advisory']"
novel coronavirus,"['significance', 'coronavirus', 'novel', 'given', 'recently', 'discovered', 'provisional', 'name', 'medical']"
nucleoside-modified messenger RNA,"['messenger', 'chemically', 'modified', 'nucleosidemodified', 'rna']"
OCTA Research,"['research', 'organization', 'company', 'octa', 'polling', 'philippines']"
Science Table,"['table', 'united', 'states', 'science', 'ontario', 'organization']"
Open-source ventilator,"['opensource', 'design', 'freelylicensed', 'ventilator']"
origin of COVID-19,"['origin', 'origins', 'hypothesis', 'sarscov', 'inquiries', 'covid']"
Pandemic Severity Assessment Framework,"['framework', 'quadrants', 'clinical', 'uses', 'severity', 'assessment', 'evaluation', 'evaluate', 'pandemic', 'transmissibility']"
panic buying,"['hoarding', 'buying', 'supply', 'consumer', 'unusually', 'rapid', 'increase', 'product', 'act', 'large', 'panic', 'behavior', 'shortage', 'amounts', 'anticipation', 'cost']"
passenger locator form,"['form', 'providing', 'information', 'passenger', 'traveller', 'locator']"
Paycheck Protection Program and Health Care Enhancement Act,"['protection', 'enhancement', 'care', 'law', 'intended', 'united', 'states', 'program', 'address', 'fallout', 'paycheck', 'health', 'act', 'economic', 'legislation', 'pandemic', 'covid']"
pemivibart,"['monoclonal', 'pemivibart', 'covid', 'antibody', 'medication']"
Petr Arenberger,"['dermatologist', 'politician', 'petr', 'arenberger', 'human', 'czech']"
Plandemic,"['videos', 'conspiracy', 'video', 'theory', 'plandemic', 'covid', 'viral']"
Trump administration political interference with science agencies,"['interference', 'administration', 'science', 'political', 'agencies', 'trump']"
post-exertional malaise,"['syndrome', 'malaise', 'fatigue', 'chronic', 'symptom', 'postexertional']"
Post viral cerebellar ataxia,"['ataxia', 'post', 'condition', 'cerebellar', 'medical', 'viral']"
Proning,"['nursing', 'proning', 'technique']"
protest over responses to the coronavirus pandemic,"['protest', 'coronavirus', 'responses', 'demonstration', 'introduced', 'restrictions', 'response', 'pandemic', 'covid']"
Provincial government response to the COVID-19 pandemic in Ontario,"['description', 'government', 'ontario', 'provincial', 'found', 'response', 'pandemic', 'covid']"
public health emergency of international concern,"['extraordinary', 'crisis', 'constitute', 'state', 'potentially', 'emergency', 'public', 'disease', 'response', 'coordinated', 'determined', 'require', 'risk', 'health', 'spread', 'states', 'event', 'concern', 'international', 'declared']"
QazCovid-in,"['candidate', 'covid', 'qazcovidin', 'vaccine']"
Razi Cov Pars,"['razi', 'iranian', 'cov', 'vaccine', 'pars', 'covid']"
ReCOV,"['candidate', 'covid', 'recov', 'vaccine']"
Resistiré,"['song', 'musical', 'workcomposition', 'resistir']"
Responses to the COVID-19 pandemic in April 2020,"['coronavirus', 'responses', 'timeline', 'april', 'wikimedia', 'outbreak', 'pandemic', 'response', 'aspect', 'covid']"
Responses to the COVID-19 pandemic in April 2021,"['coronavirus', 'responses', 'timeline', 'april', 'wikimedia', 'outbreak', 'pandemic', 'response', 'aspect', 'covid']"
Responses to the COVID-19 pandemic in April 2022,"['events', 'responses', 'sequence', 'virus', 'april', 'major', 'pandemic', 'covid']"
Responses to the COVID-19 pandemic in August 2020,"['coronavirus', 'responses', 'timeline', 'wikimedia', 'august', 'outbreak', 'pandemic', 'response', 'aspect', 'covid']"
Responses to the COVID-19 pandemic in August 2021,"['events', 'timeline', 'responses', 'sequence', 'virus', 'wikimedia', 'major', 'august', 'pandemic', 'covid']"
Responses to the COVID-19 pandemic in August 2022,"['events', 'responses', 'sequence', 'virus', 'major', 'august', 'pandemic', 'covid']"
Responses to the COVID-19 pandemic in December 2020,"['coronavirus', 'responses', 'timeline', 'december', 'wikimedia', 'outbreak', 'pandemic', 'response', 'aspect', 'covid']"
Responses to the COVID-19 pandemic in December 2021,"['events', 'responses', 'sequence', 'virus', 'december', 'major', 'pandemic', 'covid']"
Responses to the COVID-19 pandemic in February 2020,"['coronavirus', 'responses', 'timeline', 'wikimedia', 'february', 'outbreak', 'pandemic', 'response', 'aspect', 'covid']"
Responses to the COVID-19 pandemic in February 2021,"['coronavirus', 'responses', 'timeline', 'wikimedia', 'february', 'outbreak', 'pandemic', 'response', 'aspect', 'covid']"
Responses to the COVID-19 pandemic in February 2022,"['events', 'responses', 'sequence', 'virus', 'february', 'major', 'pandemic', 'covid']"
Responses to the COVID-19 pandemic in January 2020,"['events', 'timeline', 'responses', 'sequence', 'virus', 'wikimedia', 'january', 'major', 'pandemic', 'covid']"
responses to the COVID-19 pandemic in January 2021,"['coronavirus', 'responses', 'timeline', 'wikimedia', 'january', 'outbreak', 'pandemic', 'response', 'aspect', 'covid']"
Responses to the COVID-19 pandemic in January 2022,"['events', 'responses', 'sequence', 'virus', 'january', 'major', 'pandemic', 'covid']"
Responses to the COVID-19 pandemic in July 2020,"['coronavirus', 'responses', 'timeline', 'wikimedia', 'july', 'outbreak', 'pandemic', 'response', 'aspect', 'covid']"
Responses to the COVID-19 pandemic in July 2021,"['events', 'timeline', 'responses', 'sequence', 'virus', 'wikimedia', 'major', 'july', 'pandemic', 'covid']"
Responses to the COVID-19 pandemic in July 2022,"['events', 'responses', 'sequence', 'virus', 'major', 'july', 'pandemic', 'covid']"
Responses to the COVID-19 pandemic in June 2020,"['coronavirus', 'responses', 'timeline', 'wikimedia', 'outbreak', 'pandemic', 'response', 'aspect', 'covid', 'june']"
Responses to the COVID-19 pandemic in June 2021,"['events', 'timeline', 'responses', 'sequence', 'virus', 'wikimedia', 'major', 'pandemic', 'covid', 'june']"
Responses to the COVID-19 pandemic in June 2022,"['events', 'responses', 'sequence', 'virus', 'major', 'pandemic', 'covid', 'june']"
Responses to the COVID-19 pandemic in March 2020,"['coronavirus', 'responses', 'march', 'timeline', 'wikimedia', 'outbreak', 'pandemic', 'response', 'aspect', 'covid']"
Responses to the COVID-19 pandemic in March 2021,"['coronavirus', 'responses', 'march', 'timeline', 'wikimedia', 'outbreak', 'pandemic', 'response', 'aspect', 'covid']"
Responses to the COVID-19 pandemic in March 2022,"['events', 'responses', 'march', 'sequence', 'virus', 'major', 'pandemic', 'covid']"
Responses to the COVID-19 pandemic in May 2020,"['coronavirus', 'responses', 'timeline', 'wikimedia', 'may', 'outbreak', 'pandemic', 'response', 'aspect', 'covid']"
Responses to the COVID-19 pandemic in May 2021,"['events', 'timeline', 'responses', 'sequence', 'virus', 'wikimedia', 'may', 'major', 'pandemic', 'covid']"
Responses to the COVID-19 pandemic in May 2022,"['events', 'responses', 'sequence', 'virus', 'may', 'major', 'pandemic', 'covid']"
Responses to the COVID-19 pandemic in November 2020,"['coronavirus', 'responses', 'timeline', 'november', 'wikimedia', 'outbreak', 'pandemic', 'response', 'aspect', 'covid']"
Responses to the COVID-19 pandemic in November 2021,"['events', 'responses', 'sequence', 'virus', 'november', 'major', 'pandemic', 'covid']"
Responses to the COVID-19 pandemic in October 2020,"['coronavirus', 'responses', 'timeline', 'october', 'wikimedia', 'outbreak', 'pandemic', 'response', 'aspect', 'covid']"
Responses to the COVID-19 pandemic in October 2021,"['events', 'responses', 'october', 'sequence', 'virus', 'major', 'pandemic', 'covid']"
Responses to the COVID-19 pandemic in October 2022,"['events', 'responses', 'october', 'sequence', 'virus', 'major', 'pandemic', 'covid']"
Responses to the COVID-19 pandemic in September 2020,"['coronavirus', 'responses', 'timeline', 'september', 'wikimedia', 'outbreak', 'pandemic', 'response', 'aspect', 'covid']"
Responses to the COVID-19 pandemic in September 2021,"['events', 'timeline', 'responses', 'september', 'sequence', 'virus', 'wikimedia', 'major', 'pandemic', 'covid']"
Responses to the COVID-19 pandemic in September 2022,"['events', 'responses', 'september', 'sequence', 'virus', 'major', 'pandemic', 'covid']"
Richard M. Levitan,"['medicine', 'levitan', 'emergency', 'physician', 'human', 'american', 'richard']"
River of Grace Community Church,"['south', 'building', 'korea', 'community', 'province', 'church', 'river', 'grace', 'gyeonggi']"
Russian government responses to the COVID-19 pandemic,"['description', 'government', 'responses', 'national', 'russian', 'found', 'pandemic', 'covid']"
S-268019,"['candidate', 'covid', 'vaccine']"
severe acute respiratory syndrome,"['syndrome', 'respiratory', 'severe', 'infectious', 'acute', 'disease', 'viral']"
SARS-CoV-1,"['sars', 'strain', 'virus', 'sarscov', 'causes']"
SARS-CoV-2 in mink,"['description', 'found', 'sarscov', 'mink']"
SARS-CoV-2 in white-tailed deer,"['description', 'deer', 'found', 'impact', 'sarscov', 'animals', 'whitetailed', 'pandemic', 'covid']"
SCB-2019,"['candidate', 'vaccine', 'scb', 'product', 'funded', 'subunit', 'protein', 'covid']"
SCTV01C,"['candidate', 'vaccine', 'covid', 'sctvc']"
"Safe, Swift and Smart Passage","['passage', 'website', 'online', 'swift', 'management', 'safe', 'travel', 'system', 'smart']"
Sanofi–GSK COVID-19 vaccine,"['recombinant', 'vaccine', 'product', 'sanofigsk', 'subunit', 'protein', 'covid']"
Sanofi–Translate Bio COVID-19 vaccine,"['candidate', 'vaccine', 'sanofitranslate', 'covid', 'bio']"
Scientific Advisory Group for Emergencies,"['emergencies', 'government', 'board', 'body', 'group', 'uk', 'advisory', 'scientific']"
Seema Yasmin,"['yasmin', 'british', 'science', 'doctor', 'seema', 'communicator', 'human', 'medical', 'writer']"
shortages related to the COVID-19 pandemic,"['goods', 'excess', 'demand', 'occurring', 'related', 'shortages', 'result', 'pandemic', 'covid', 'material', 'medical']"
dyspnea,"['abnormal', 'impaired', 'feelings', 'dyspnea', 'symptom', 'breathing', 'associated']"
BBIBP-CorV,"['candidate', 'virus', 'vaccine', 'chinese', 'bbibpcorv', 'inactivated', 'covid']"
WIBP-CorV,"['covid', 'wibpcorv', 'vaccine']"
sipavibart,"['sipavibart', 'monoclonal', 'chemical', 'experimental', 'entity', 'antibody', 'medication', 'type']"
SOBERANA 02,"['covid', 'vaccine', 'soberana']"
social impact of the COVID-19 pandemic,"['topic', 'coronavirus', 'indirect', 'economy', 'impact', 'effects', 'social', 'pandemic', 'covid', 'society']"
social impact of the COVID-19 pandemic in the United Kingdom,"['topic', 'united', 'uk', 'indirect', 'kingdom', 'impact', 'effects', 'social', 'pandemic', 'covid']"
Sotrovimab,"['sotrovimab', 'medication']"
source control,"['source', 'respiratory', 'reducing', 'transmission', 'strategy', 'communicable', 'disease', 'control']"
Gam-COVID-Vac,"['based', 'gamcovidvac', 'vector', 'russian', 'vaccine', 'adenovirus', 'human', 'covid', 'viral']"
Statistics of the COVID-19 pandemic in Italy,"['description', 'statistics', 'found', 'pandemic', 'covid', 'italy']"
Statistics of the COVID-19 pandemic in Peru,"['statistics', 'peru', 'wikimedia', 'article', 'list', 'pandemic', 'covid']"
Statistics of the COVID-19 pandemic in Poland,"['description', 'statistics', 'poland', 'found', 'aspect', 'geographic', 'region', 'pandemic', 'covid']"
stay-at-home order,"['stayathome', 'quarantine', 'type', 'order']"
Stemirna COVID-19 vaccine,"['candidate', 'covid', 'stemirna', 'vaccine']"
Stop Asian Hate,"['asian', 'stop', 'hate', 'series', 'movement', 'social', 'racism', 'rallies', 'violence']"
Swedish government response to the COVID-19 pandemic,"['government', 'responses', 'national', 'actions', 'response', 'pandemic', 'covid', 'swedish']"
"Waiver from certain provisions of the TRIPS Agreement for the Prevention, Containment and Treatment of COVID-19","['agreement', 'description', 'certain', 'trips', 'prevention', 'found', 'covid', 'treatment', 'containment', 'waiver', 'provisions']"
Tandon v. Newsom,"['us', 'united', 'court', 'states', 'decision', 'tandon', 'newsom', 'exercise', 'religion', 'supreme', 'v', 'free', 'judgement']"
Texas government response to the COVID-19 pandemic,"['government', 'actions', 'regarding', 'texas', 'state', 'response', 'pandemic', 'covid']"
The proximal origin of SARS-CoV-2,"['march', 'origin', 'scholarly', 'article', 'sarscov', 'published', 'proximal', 'scientific']"
timeline of the COVID-19 pandemic in August 2021,"['timeline', 'wikimedia', 'article', 'august', 'pandemic', 'covid']"
timeline of the COVID-19 pandemic in Australia,"['timeline', 'australia', 'wikimedia', 'pandemic', 'covid']"
timeline of the COVID-19 pandemic in California,"['united', 'timeline', 'states', 'ongoing', 'wikimedia', 'california', 'pandemic', 'covid']"
timeline of the COVID-19 pandemic in Canada,"['timeline', 'ongoing', 'wikimedia', 'canada', 'pandemic', 'covid']"
timeline of the COVID-19 pandemic in Croatia,"['description', 'timeline', 'croatia', 'found', 'wikimedia', 'pandemic', 'covid']"
Timeline of the COVID-19 pandemic in England,"['events', 'daily', 'timeline', 'england', 'english', 'related', 'pandemic', 'covid']"
timeline of the COVID-19 pandemic in Japan,"['timeline', 'japan', 'wikimedia', 'pandemic', 'covid']"
timeline of the COVID-19 pandemic in July 2021,"['timeline', 'wikimedia', 'article', 'july', 'pandemic', 'covid']"
timeline of the COVID-19 pandemic in June 2021,"['timeline', 'wikimedia', 'article', 'pandemic', 'covid', 'june']"
timeline of the COVID-19 pandemic in Northern Ireland,"['irish', 'events', 'daily', 'timeline', 'ireland', 'wikimedia', 'related', 'northern', 'pandemic', 'covid']"
Timeline of the COVID-19 pandemic in Northern Ireland,"['irish', 'events', 'daily', 'timeline', 'ireland', 'related', 'northern', 'pandemic', 'covid']"
timeline of the COVID-19 pandemic in November 2021,"['timeline', 'november', 'wikimedia', 'article', 'pandemic', 'covid']"
timeline of the COVID-19 pandemic in October 2021,"['timeline', 'october', 'wikimedia', 'article', 'pandemic', 'covid']"
timeline of the COVID-19 pandemic in Scotland (2020),"['events', 'daily', 'timeline', 'scottish', 'wikimedia', 'scotland', 'related', 'pandemic', 'covid']"
Timeline of the COVID-19 pandemic in Scotland,"['events', 'daily', 'timeline', 'scottish', 'scotland', 'related', 'pandemic', 'covid']"
Timeline of the COVID-19 pandemic in South Africa,"['description', 'timeline', 'africa', 'found', 'wikimedia', 'pandemic', 'covid', 'south']"
timeline of the COVID-19 pandemic in Spain,"['timeline', 'spain', 'wikimedia', 'pandemic', 'covid']"
timeline of the COVID-19 pandemic in Texas,"['united', 'timeline', 'states', 'ongoing', 'wikimedia', 'texas', 'pandemic', 'covid']"
timeline of the COVID-19 pandemic in Trinidad and Tobago,"['description', 'tobago', 'timeline', 'trinidad', 'found', 'wikimedia', 'pandemic', 'covid']"
timeline of the COVID-19 pandemic in Uruguay,"['description', 'uruguay', 'timeline', 'found', 'wikimedia', 'pandemic', 'covid']"
timeline of the COVID-19 pandemic in Uruguay,"['uruguay', 'timeline', 'ongoing', 'pandemic', 'covid']"
timeline of the COVID-19 pandemic in Uruguay,"['description', 'uruguay', 'timeline', 'found', 'pandemic', 'covid']"
timeline of the COVID-19 pandemic in Wales (2020),"['events', 'daily', 'timeline', 'welsh', 'wikimedia', 'related', 'wales', 'pandemic', 'covid']"
Timeline of the COVID-19 pandemic in Wales,"['events', 'daily', 'timeline', 'scottish', 'related', 'wales', 'pandemic', 'covid']"
timeline of the COVID-19 pandemic in the Republic of Ireland,"['description', 'timeline', 'ireland', 'republic', 'found', 'wikimedia', 'pandemic', 'covid']"
Timeline of the COVID-19 pandemic in the Republic of Ireland,"['description', 'timeline', 'ireland', 'republic', 'found', 'pandemic', 'covid']"
timeline of the COVID-19 pandemic in the Republic of Ireland,"['events', 'daily', 'timeline', 'ireland', 'republic', 'december', 'wikimedia', 'related', 'july', 'pandemic', 'covid']"
Timeline of the COVID-19 pandemic in the Republic of Ireland,"['description', 'timeline', 'ireland', 'republic', 'found', 'pandemic', 'covid']"
timeline of the COVID-19 pandemic in the United Kingdom,"['united', 'timeline', 'kingdom', 'wikimedia', 'pandemic', 'covid']"
Timeline of the COVID-19 pandemic in the United Kingdom,"['events', 'united', 'timeline', 'daily', 'kingdom', 'related', 'uk', 'pandemic', 'covid']"
timeline of the COVID-19 pandemic in the United Kingdom,"['januaryjune', 'united', 'timeline', 'kingdom', 'wikimedia', 'pandemic', 'covid']"
timeline of the COVID-19 pandemic in the United Kingdom,"['januaryjune', 'united', 'timeline', 'kingdom', 'wikimedia', 'pandemic', 'covid']"
timeline of the COVID-19 pandemic in the United Kingdom,"['januaryjune', 'united', 'timeline', 'kingdom', 'pandemic', 'covid']"
timeline of the COVID-19 pandemic in the United Kingdom,"['julydecember', 'united', 'timeline', 'kingdom', 'wikimedia', 'pandemic', 'covid']"
timeline of the COVID-19 pandemic in the United Kingdom,"['julydecember', 'united', 'timeline', 'kingdom', 'wikimedia', 'pandemic', 'covid']"
timeline of the COVID-19 pandemic in the United Kingdom,"['julydecember', 'united', 'timeline', 'kingdom', 'pandemic', 'covid']"
Tomáš Cihlář,"['tom', 'biochemist', 'human', 'virologist', 'cihl', 'czech']"
TURKOVAC,"['turkovac', 'candidate', 'covid', 'vaccine']"
U.S. federal government response to the COVID-19 pandemic,"['us', 'government', 'responses', 'national', 'federal', 'actions', 'regarding', 'response', 'pandemic', 'covid']"
U.S. state and local government responses to the COVID-19 pandemic,"['us', 'government', 'divisions', 'responses', 'political', 'national', 'subnational', 'actions', 'covid', 'state', 'pandemic', 'local']"
UB-612,"['ub', 'experimental', 'vaccine', 'product', 'funded', 'covid']"
COVID-19 public inquiry in the United Kingdom,"['united', 'handling', 'kingdom', 'public', 'uks', 'covid', 'inquiry']"
UK Coronavirus Cancer Monitoring Project,"['description', 'cancer', 'coronavirus', 'monitoring', 'found', 'uk', 'project']"
UN COVID-19 Supply Chain Task Force,"['force', 'united', 'supply', 'set', 'task', 'chain', 'un', 'covid', 'nations']"
USS Theodore Roosevelt,"['uss', 'aircraft', 'carrier', 'supercarrier', 'theodore', 'roosevelt', 'nimitzclass']"
umifenovir,"['chemical', 'umifenovir', 'entity', 'compound', 'type']"
United Kingdom responses to the COVID-19 pandemic,"['united', 'responses', 'kingdom', 'actions', 'regarding', 'pandemic', 'covid']"
United Nations' response to the COVID-19 pandemic,"['united', 'aspect', 'response', 'pandemic', 'covid', 'nations']"
United States responses to the COVID-19 pandemic,"['states', 'united', 'responses', 'actions', 'regarding', 'pandemic', 'covid']"
V-01,"['candidate', 'covid', 'v', 'vaccine']"
VBI-2902,"['candidate', 'vaccine', 'vbi', 'subunit', 'covid']"
Vabiotech COVID-19 vaccine,"['candidate', 'covid', 'vaccine', 'vabiotech']"
Vaccine Hunters Canada,"['organization', 'vaccine', 'volunteer', 'canada', 'hunters', 'canadian']"
Vaccine line jumping,"['obtaining', 'higher', 'jumping', 'line', 'vaccine', 'ahead', 'priority', 'individuals']"
Valneva COVID-19 vaccine,"['candidate', 'vaccine', 'covid', 'valneva']"
Vaxart COVID-19 vaccine,"['candidate', 'vaxart', 'covid', 'vaccine']"
Humbertium covidum,"['taxon', 'worm', 'species', 'covidum', 'humbertium']"
viral vector vaccine,"['vector', 'vaccine', 'type', 'viral']"
W. Ian Lipkin,"['professor', 'w', 'microbiologist', 'human', 'epidemiologist', 'lipkin', 'ian']"
Walvax COVID-19 vaccine,"['candidate', 'walvax', 'covid', 'vaccine']"
wastewater surveillance,"['branch', 'well', 'surveillance', 'psychoactive', 'monitoring', 'drugs', 'science', 'wastewater', 'contaminants', 'process', 'pathogens']"
West China Hospital COVID-19 vaccine,"['candidate', 'china', 'west', 'vaccine', 'hospital', 'covid']"
Western States Pact,"['states', 'united', 'interstate', 'western', 'pact', 'compact', 'five']"
White House COVID-19 Response Team,"['government', 'house', 'federal', 'white', 'agency', 'team', 'response', 'covid']"
Wuhan Institute of Virology,"['research', 'china', 'virology', 'facility', 'institute', 'wuhan']"
Wuhan Jinyintan Hospital,"['china', 'public', 'hospital', 'jinyintan', 'wuhan']"
Youyang Gu COVID model,"['epidemiological', 'gu', 'modeling', 'youyang', 'disease', 'model', 'covid']"
Anhui Zhifei Longcom Biopharmaceutical COVID-19 vaccine candidate,"['candidate', 'longcom', 'biopharmaceutical', 'vaccine', 'anhui', 'zhifei', 'covid']"
